A0004	Acetazolamide 250mg					
A0006	Acyclovir 400mg					
A0230	Albendazole 200mg					
A0026	Allopurinol 100mg					
A0028	Aminophylline 100mg					
A0034	Amitriptyline 25mg					
A0039	Amoxycillin 250mg					
A0046	Aspirin 300mg					
A0067	Benzhexol 5mg					
A0069	Bisacodyl 5mg					
A0080	Bromocriptine 2.5mg					
A0088	Calcium gluconate 600mg 					
A0089	Captopril 12.5mg					
A0090	Carbamazepine 200mg					
A0091	Carbimazole 5mg					
A0094	Cephalexin 250mg					
A0102	Chloramphenicol 250mg					
A0114	Chlorpheniramine 4mg					
A0111	Chlorpromazine 100mg					
A0110	Chlorpromazine 25mg					
A0115	Cimetidine 400mg					
A0116	Ciprofloxacin 250mg					
A0119	Codeine phosphate 15mg					
A0124	Codeine phosphate 15mg					
A0405	Cotrimoxazole 480mg					
A0122	Cyclophosphamide 50mg					
A0136	Dexamethasone 0.5mg					
A0141	Diazepam 5mg					
A0008	Diclofenac sodium 25mg 					
A0146	Digoxin 250 micrograms					
A0145	Digoxin 62.5 micrograms					
A0138	Dihydrocodeine 30mg					
A0414	Doxycycline 100mg					
A0173	Erythromycin 250mg					
A0456	Ferrous sulphate 200mg					
A0185	Ferrous sulphate 200mg / folic acid 250 micrograms					
A0177	Flucloxacillin 250mg					
A0187	Fluconazole 200mg					
A0186	Fluoxetine 20mg					
A0012	Folic acid 5mg					
A0189	Frusemide 40mg					
A0433	Glibenclamide 5mg					
A0194	Griseofulvin 125mg					
A0195	Griseofulvin 250mg					
A0201	Haloperidol 2mg					
A0202	Hydralazine 25mg					
A0121	Hydrochlorothiazide 25mg					
A0123	Hydrochlorothiazide 25mg					
A0120	Hydrocortisone acetate 20mg					
A0457	Ibuprofen 200mg					
A0210	Imipramine HCl 25mg					
A0214	Indomethacin 25mg					
A0017	Isosorbide dinitrate 10mg					
A0224	Ivermectin 6mg					
A0226	Ketoconazole 200mg					
A0232	Lithium carbonate 250mg					
A0234	Lithium carbonate 400mg					
A0236	Lithium carbonate 600mg					
A0092	Loperamide HCl  2mg					
A0427	L+AC0-Thyroxine 100 micrograms					
A0228	Magnesium trisilicate compound					
A0238	Metformin HCl 500mg					
A0247	Methotrexate 2.5mg					
A0249	Methyldopa 250mg					
A0261	Metronidazole 200mg					
A0262	Metronidazole 250mg					
A0266	Mesoprostol (Cytotec) 200mcg					
A0263	Morphine sulphate 10mg (slow release)					
A0265	Nalidixic acid 500mg					
A0022	Nicotinamide 50mg					
A0282	Nifedipine 10mg					
A0283	Nifedipine 20mg (slow release)					
A0288	Nitrofurantoin 50mg					
A0289	Norethisterone 5mg					
A0290	Omeprazole 20mg					
A0296	Paracetamol 500mg					
A0302	Penicillin V 250mg					
A0310	Pericyazine 4 mg					
A0318	Phenobarbitone  30mg					
A0325	Phenytoin sodium 100mg					
A0324	Phenytoin sodium 25mg					
A0332	Potassium chloride 600mg (slow release)					
A0336	Praziquantel 600mg					
A0334	Prednisolone 5mg					
A0340	Procyclidine 5mg					
A0342	Proguanil hydrochloride 100mg					
A0344	Promethazine hydrochloride 25mg					
A0348	Propantheline bromide 15mg					
A0345	Propranolol 40mg					
A0353	Pyridoxine (Vitamin B6) 20mg					
A0367	Quinine hydrochloride 300mg					
A0369	Ranitidine 150mg					
A0377	Salbutamol 4mg					
A0384	Sodium valproate 200mg					
A0380	Spironolactone 25mg					
A0395	Sulphadoxine 500mg / pyrimethamine 25mg (SP)					
A0416	Thioridazine 25mg					
A0418	Thioridazine 50mg					
A0420	Thioridazine HCL 100 mg					
A0428	Tramadol HCl 50mg					
A0436	Trifluoperazine 5mg					
A0444	Vitamin A 100	000 IU				
A0445	Vitamin A 200	000 IU				
A0446	Vitamin B complex strong					
A0448	Vitamin	 multiple   				
A0450	Warfarin sodium 1mg					
B0004	Actinomycin D					
B0006	Adrenaline 1/1000	 1ml				
B0012	Aminophylline 25mg/ml	 10ml				
B0013	Amphotericin B 50mg	 				
B0015	Ampicillin injection 250mg	 PFR				
B0017	Ampicillin injection 500mg	 PFR				
B0024	Atropine sulphate  600 micrograms/ml	 1ml				
B0224	Benzathine benzylpenicillin 1.44g (2.4MU)	 PFR				
B0220	Benzylpenicillin 1g 	 PFR				
B0222	Benzylpenicillin 3g (5MU)	 PFR				
B0507	Bupivacaine spinal hyperbaric 0.5+ACU-	 4ml				
B0508	Bupivacaine spinal isobaric 0.5+ACU-	 4ml				
B0030	Calcium gluconate 10+ACU-	 10ml				
B0032	Cefotaxime 500mg	 PFR				
B0033	Ceftriaxone 250mg					
B0034	Chloramphenicol succinate 1g	 PFR				
B0040	Chlorpromazine hydrochloride 25mg/ml	 2ml				
B0056	Cyclophosphamide 200mg	 PFR				
B0454	Darrows half+AC0-strength in dextrose 5+ACU-	 1000ml				
B0060	Dexamethasone 5mg/ml	 5ml				
B0406	Dextrose 5+ACU-	 1000ml				
B0062	Dextrose 50+ACU-	 20ml				
B0500	Dianeal  Dextrose 1.5+ACU- intraperitoneal dialysis soln. with minicap					
B0504	Dianeal  Dextrose 2.5+ACU- intraperitoneal dialysis soln. with minicap					
B0064	Diazepam 5mg/ml	 2ml				
B0068	Digoxin 250 micrograms/ml	 2ml				
B0072	Dopamine 40mg/ml	 5ml				
B0080	Ephedrine sulphate 30mg/ml	 1ml				
B0081	Ergometrine maleate 500mcg/ml  Oxytocin 10IU/ml	 1ml				
B0082	Ergometrine maleate 500micrograms/ml	 1ml				
B0083	Flucloxacillin 250mg	 vial	 PFR			
B0084	Fluconazole 2mg/ml	 25ml				
B0086	Fluphenazine decanoate 25mg/ml	 2ml				
B0088	Frusemide 10mg/ml	 2ml				
B0446	Gelatin (as polygeline) 500ml pack iv infusion					
B0096	Gentamicin 10mg/ml	 2ml				
B0097	Gentamicin 40mg/ml	 2ml				
B0102	Haloperidol 5mg/ml	 2ml				
B0103	Haloperidol decanoate oily 50mg/ml	  1ml ampoule 				
B0100	Heparin sodium 5	000 IU/ml	 5ml			
B0106	Hydralazine hydrochloride 20mg/ml	 1ml				
B0098	Hydrocortisone acetate 25mg/ml	 5ml				
B0107	Hydrocortisone sodium succinate iv 50mg/ml	 2ml				
B0110	Insulin soluble 100 IU/ml	 10ml				
B0118	Insulin zinc suspension (lente) 100 IU/ml	 10ml				
B0352	Ketamine hydrochloride 50mg/ml	 10ml				
B0144	Lignocaine hydrochloride 1+ACU-	 25ml				
B0143	Lignocaine hydrochloride 2+ACU-	 25ml				
B0145	Lignocaine hydrochloride 5+ACUAKw-glucose 7.5+ACU-	heavy spinal	2ml			
B0151	Magnesium sulphate 50+ACU-	 2ml ampoule				
B0162	Mannitol 20+ACU-	 250ml				
B0170	Melarsoprol (Mel B) 3.6+ACU-	 6ml				
B0179	Methylprednisolone acetate sub+AC0-conj. 40mg/ml	2ml				
B0180	Metoclopramide hydrochloride 5mg/ml	 2ml				
B0181	Metronidazole 5mg/ml	 100ml				
B0182	Morphine sulphate 15mg/ml	 1ml				
B0192	Neostigmine 2.5mg/ml	 1ml				
B0210	Oxytocin 10 IU/ml	 1ml				
B0218	Paraldehyde	 10ml				
B0234	Pethidine hydrochloride 50mg/1ml	 2ml				
B0240	Phenobarbitone sodium 200mg/ml	 1ml				
B0244	Phytomenadione 10mg/ml	 1ml (Vitamin K)				
B0242	Phytomenadione 2mg/ml (Vitamin K)					
B0246	Potassium chloride 20+ACU-	 10ml				
B0255	Procyclidine HCl 5mg/ml	 2ml ampoule				
B0262	Promethazine hydrochloride 25mg/ml	 2ml				
B0270	Quinine dihydrochloride 300mg/ml	 2ml				
B0276	Salbutamol sulphate 1mg/ml	 5ml				
B0272	Sodium bicarbonate 4+ACU-	 50ml				
B0450	Sodium chloride 0.9+ACU-	 1000ml				
B0458	Sodium lactate compound (Ringer's lactate)	 1000ml				
B0288	Suramin sodium	 1g				
B0290	Suxamethonium chloride 50mg/ml	 2ml				
B0322	Thiopentone sodium 500mg	 PFR				
B0330	Vincristine sulphate 1mg PFR					
B0346	Water for injections	 10ml				
C0076	Anti+AC0-D human immunoglobulin 250 micrograms/ml					
C0002	Anti+AC0-rabies serum					
C0020	Anti+AC0-snake bite serum					
C0077	Hepatitis B vaccine	 20mcg/ml	 1ml			
C0042	Rabies vaccine course	 1 dose PFR +ACY- diluent x 5 vials				
C0010	Tetanus antitoxin 1500 IU					
C0012	Tetanus antitoxin 20000 IU					
C0048	Yellow fever vaccine 10+AC0-dose vial PFR  diluent					
D0004	Acetone					
D0041	Alcohol 96+ACU- (drum)					
D0009	Anise oil					
D0066	Bentonite					
D0012	Benzoic acid					
D0078	Benzyl benzoate (drum)					
D0014	Brilliant Green					
D0088	Calamine					
D0112	Chloramine					
D0124	Chloroform					
D0016	Citric acid					
D0136	Coal tar	 crude				
D0132	Crystal violet (Gentian violet)					
D0144	Emulsifying wax 					
D0170	Ferrous sulphate					
D0340	Formaldehyde liquid					
D0006	Glacial acetic acid					
D0183	Glycerine (drum)					
D0185	Halothane 					
D0184	Halothane (fluothane)					
D0018	Hydrochloric acid	 concentrated				
D0192	Iodine					
D0277	Lemon oil					
D0212	Medical oxygen					
D0219	Medical oxygen					
D0220	Medical oxygen					
D0221	Medical oxygen					
D0046	Menthol crystals					
D0044	Methyl alcohol					
D0020	Nitric acid					
D0218	Nitrous oxide					
D0224	Nitrous oxide					
D0300	Paraffin hard					
D0305	Paraffin liquid (drum)					
D0307	Paraffin soft yellow (drum)					
D0314	Phenol crystals					
D0338	Potassium iodide					
D0346	Propylene glycol					
D0024	Salicylic acid					
D0378	Sodium citrate					
D0387	Sodium thiosulphate					
D0406	Sulphur precipitated					
D0390	Wheat starch					
D0448	Zinc oxide					
E0500	Activated charcoal powder					
E0629	Acyclovir eye ointment 3+ACU-					
E0014	Alcohol 96+ACU- 					
E0032	Amethocaine hydrochloride eye drops 1+ACU- (Minims)					
E0248	Amoxycillin 125mg/5ml suspension					
E0310	Atropine sulphate eye ointment 1+ACU-					
E0150	Beclomethasone diproprionate inhalation	 50mcg/dose	 200 doses			
E0192	Benzoic acid  salicylic acid compound lotion					
E0330	Benzoic acid 6+ACU-  salicylic acid 3+ACU- ointment					
E0002	Benzyl benzoate application 25+ACU-					
E0357	Betamethasone ointment 0.1+ACU-					
E0001	Betamethasone sodium eardrops 0.1+ACU-					
E0585	Bismuth subgallate compound suppositories 					
E0012	Black disinfectant					
E0402	Brilliant green paint 0.1+ACU-					
E0191	Calamine lotion  sulphur 2+ACU-					
E0189	Calamine lotion aqueous					
E0534	Cetrimide 15+ACU-  chlorhexidine 1.5+ACU- soln.for dilution (Savlon)					
E0312	Chloramphenicol 1+ACU- eye ointment					
E0254	Chloramphenicol 125mg/5ml suspension					
E0020	Chloramphenicol ear drops 5+ACU-					
E0036	Chloramphenicol eye drops 0.5+ACU-					
E0535	Chlorhexidine 1.5+ACU- soln					
E0552	Chlorinated lime	 pharmaceutical grade	 30+ACU- chlorine			
E0258	Chlorpheniramine 2mg/5ml suspension					
E0550	Clotrimazole cream 1+ACU-					
E0200	Coal tar	 crude				
E0205	Clotrimazole 240mg/5ml					
E0037	Cyclopentolate hydrochloride eye drops 0.5+ACU-					
E0628	Dexamethasone 0.1+ACU- +Neomycin- 0.35+ACU- (sulfate) eye drops 					
E0034	Dexamethasone eye drops 0.1+ACU-					
E0356	Emulsifying ointment					
E0266	Erythromycin suspension 125mg/5ml					
E0268	Ferrous sulphate mixture paediatric 60mg/5ml					
E0271	Flucloxacillin 125mg/5ml elixir					
E0041	Fluorescein sodium eye drops 1+ACU- (Minims)					
E0042	Gentamicin 0.3+ACU- eye drops					
E0404	Gentian violet paint	 aqueous 1+ACU-				
E0546	Gluteraldehyde solution 2+ACU- buffered (Cidex) with activator					
E0408	Glycerine					
E0586	Glycerine suppositories (adult)	 4g				
E0587	Glycerine suppositories (child)	 2g				
E0277	Halofantrine suspension 100mg/5ml (Halfan)					
E0314	Hydrocortisone eye ointment 1+ACU-					
E0358	Hydrocortisone ointment 1+ACU-					
E0554	Iodine solution	 weak (iodine tincture)				
E0276	Ketoconazole suspension 100mg/5ml					
E0387	Lignocaine gel 2+ACU-					
E0547	Lignocaine spray	 10+ACU- (for gastroscopy)				
E0275	Magnesium sulphate enema 50+ACU-					
E0574	Methylated spirit 					
E0282	Metronidazole oral suspension 200mg /5ml					
E0045	Miconazole eye drops 1+ACU-					
E0602	Multivitamin syrup					
E0630	Neomycin+-Bacitracin skin ointment					
E0278	Nystatin oral suspension 100	000 IU/dose				
E0006	Oral rehydration sachet (WHO formula) for 1L solution					
E0279	Paracetamol syrup 120mg/5ml					
E0601	Paraffin liquid					
E0410	Paraffin soft yellow					
E0053	Pilocarpine hydrochloride eye drops 2+ACU-					
E0591	Povidone iodine 10+ACU- in alcoholic solution					
E0286	Promethazine hydrochloride elixir 5mg/5ml					
E0631	Salbutamol solution for nebulising 5mg/ml					
E0152	Salbutamol sulphate aerosol inhalation	 100mcg/dose	 200 doses 			
E0333	Salicylic acid 10+ACU- ointment (in YSP)					
E0341	Salicylic acid 10+ACU-  coal tar 5+ACU-					
E0388	Salicylic acid 20+ACU-	 ointment				
E0335	Salicylic acid 5+ACU-  crude coal tar 5+ACU- oint (in YSP base)					
E0338	Salicylic acid 5+ACU-  sulphur 5+ACU- ointment (in EO base)					
E0337	Salicylic acid 5+ACU-  sulphur 5+ACU- ointment (in YSP base)					
E0334	Salicylic acid ointment 5+ACU- (in YSP base)					
E0599	Silver nitrate stick pencil (toughened)					
E0548	Silver sulphadiazine cream 1+ACU-					
E0560	Sodium hypochlorite concentrated solution					
E0556	Iodine strong 10+ACU- solution					
E0325	Tetracycline eye ointment 1+ACU-					
E0062	Timolol maleate eye drops 0.25+ACU-					
E0058	Tropicamide eye drops 0.5+ACU-					
E0416	Zinc oxide +ACY- salicylic acid paste BP (Lassar's)					
E0390	Zinc oxide 15+ACU- ointment (in EO base)					
E0392	Zinc oxide 15+ACU- ointment +-sulphur 5+ACU-					
E0422	Zinc paste compound  crude coal tar 5+ACU-					
E0426	Zinc paste compound  sulphur 5+ACU-					
F0006	Bandage	 crepe 10cm				
F0008	Bandage	 crepe 15cm				
F0002	Bandage	 crepe 5cm				
F0004	Bandage	 crepe 7.5cm				
F0005	Bandage	 crepe 8cm				
F0017	Bandage	 orthopaedic 7.5cm 				
F0022	Bandage	 plaster of paris 10cm				
F0024	Bandage	 plaster of paris 15cm				
F0018	Bandage	 plaster of paris 5cm				
F0020	Bandage	 plaster of paris 7.5cm				
F0032	Bandage	 stockinette 10cm				
F0034	Bandage	 stockinette 20cm				
F0028	Bandage	 stockinette 5cm				
F0030	Bandage	 stockinette 7.5cm				
F0096	Bandage	 WOW 10cm x 4m 				
F0098	Bandage	 WOW 15cm x 4m				
F0092	Bandage	 WOW 5cm x 4m 				
F0094	Bandage	 WOW 7.5cm x 4m 				
F0242	Cotton wool	 500gm				
F0110	Dressing	 paraffin gauze 9.5cm x 9.5cm (square)				
F0162	Gauze	 absorbent 40m				
F0170	Gauze	 swabs 8+AC0-ply 10cm x 10cm				
F0192	Lint					
F0258	Mackintosh sheeting					
F0236	Maternity towels 					
F0202	Plaster	 elastic adhesive 5cm x 5m				
F0204	Plaster	 elastic adhesive 7.5cm x 5m				
F0212	Plaster	 extension 7.5cm				
F0208	Plaster	 zinc oxide 5cm				
F0210	Plaster	 zinc oxide 7.5cm				
G0214	Catgut chromic 0 on needle rb 1+IEQ-2c 40mm					
G0218	Catgut chromic 1 on needle rb 1+IEQ-2c 50mm					
G0222	Catgut chromic 2 on needle rb 1+IEQ-2c 50mm					
G0210	Catgut chromic 2/0 on needle rb 1+IEQ-2c 35mm					
G0206	Catgut chromic 3/0 on needle rb 1+IEQ-2c 25mm					
G0202	Catgut chromic 4/0 on needle rb 1+IEQ-2c 20mm					
G0311	Ligature 0 150cm 					
G0312	Ligature 1 150cm 					
G0310	Ligature 2/0 150cm 					
G0309	Ligature 3/0 150cm 					
G0308	Ligature 4/0 150cm 					
G0187	Monofilament PDS 11 on needle	 70cm on rb 30mm 1/2c  needle				
G0189	Monofilament PDS 11 on needle	 90cm on rb 35mm C455 1/2c needle				
G0323	Monofilament PDS I	 3/0 on needle	 rb 25mm/70cm			
G0316	Monofilament PDS II	 2/0 on needle	 rb 30mm/70cm			
G0315	Monofilament PDS II	 3/0 on needle	 rb 20mm/70cm			
G0314	Monofilament PDS II	 4/0 on needle	 rb 25mm/70cm			
G0185	Monofilament polyamide 1 on rb needle 					
G0183	Monofilament polyamide 2/0 on rb needle 					
G0182	Monofilament polyamide 3/0 on rb needle					
G0181	Monofilament polyamide 4/0 on rb needle 25mm					
G0180	Monofilament polyamide 5/0 on needle					
G0254	Monofilament polyamide nylon 10/0 on needle					
G0170	Monofilament polypropylene(Prolene) 4/0 on rb needle 25mm					
G0321	Nylon (polyamide) 10/0 on spatulated needle	 single armed 6mm				
G0318	Nylon (polyamide) 3/0 on needle cutting	 26mm/75cm				
G0319	Nylon (polyamide) 4/0 on needle cutting	 single armed 				
G0320	Nylon (polyamide) 6/0 on needle cutting	 single armed 				
G0232	Nylon 10/0 on cutting needle					
G0171	Polypropylene monofilament	 Prolene	 3/0 on needle	 rb c 25mm		
G0244	Silk braided 2/0 on needle cc 40mm					
G0238	Silk braided 3/0 on needle cc 30mm					
G0235	Silk braided 4/0 on needle cc 25mm					
G0251	Vicryl  3/0 on needle tapercut cc 1/2 circle 20mm					
G0301	Vicryl  coated 1 on rev cut needle	 75cm on 35mm 1/2c				
G0302	Vicryl coated 2 on rev cut needle	 90cm on 35mm 1/2c				
G0255	Vicryl coated 2/0 on tapercut needle					
G0305	Vicryl coated 2/0 					
G0300	Vicryl coated 3/0 on needle					
G0313	Vicryl coated 3/0 on rb needle 30mm/90cm					
G0304	Vicryl coated 3/0 					
G0306	Vicryl coated 4/0 					
G0307	Vicryl coated 5/0 					
G0250	Virgin silk twisted black gauge 8/0					
H0012	Airway disposable (Portex) size 2					
H0007	Airway disposable (Portex) size 3					
H1118	Autoclave tape	 1cm wide	 12m long			
H0512	Bag (ambu)	 adult (22mm ISO+AC0-compatible inlet/outlet)				
H0050	Bags colostomy disposable 25.5cm x 13cm					
H0056	Bags urine drainage 2	000ml with outlet				
H0121	Cannula iv (Venflon) 14					
H0122	Cannula iv (Venflon) 16					
H0123	Cannula iv (Venflon) 18					
H0124	Cannula iv (Venflon) 20					
H0125	Cannula iv (Venflon) 22					
H0126	Cannula iv (Venflon) 24					
H0177	Catheter 3+AC0-way FG 20					
H0170	Catheter 3+AC0-way FG 24					
H0171	Catheter 3+AC0-way FG 26					
H0173	Catheter 3+AC0-way FG 28					
H0127	Catheter disposable female FG 14					
H0129	Catheter disposable female FG 16					
H0131	Catheter Foley's  urine bag (2000ml) 10g					
H0133	Catheter Foley's  urine bag (2000ml) 14g					
H0134	Catheter Foley's  urine bag (2000ml) 16g					
H0135	Catheter Foley's  urine bag (2000ml) 18g					
H0146	Catheter Foley's retention 10cc FG 14					
H0147	Catheter Foley's retention 10cc FG 16					
H0157	Catheter Foley's retention 10cc FG 18					
H0155	Catheter Foley's retention 30cc FG 14					
H0156	Catheter Foley's retention 30cc FG 16					
H0158	Catheter Foley's retention 30cc FG 18					
H0160	Catheter Foley's retention 30cc FG 20					
H0162	Catheter Foley's retention 30cc FG 22					
H0164	Catheter Foley's retention 30cc FG 24					
H2006	Chest drainage set including tube and re+AC0-usable calibrated bottle					
H0224	Clips	 umbilical cord	 polythene			
H0244	Currette	 short blunt large				
H0242	Currette	 short blunt small				
H2200	Currette	 uterine	 rigid	 shank	 sharp size 1 (small)	
H2201	Currette	 uterine	 rigid	 shank	 sharp size 5 (medium)	
H2202	Currette	 uterine	 rigid	 shank	 sharp size 9 (large)	
H0268	Delivery set					
H0272	Diagnostic set	 spare bulb (Gowland's) 				
H0270	Diagnostic set	 with metal battery handle (Gowland's)				
H2325	ECG paper for printing					
H2319	Endotracheal tube	 non cuffed size 3.5mm				
H2318	Endotracheal tube	 non cuffed size 4.0mm				
H2316	Endotracheal tube	 non cuffed size 5.0mm				
H2315	Endotracheal tube	 non cuffed size 5.5mm				
H2314	Endotracheal tube	 non cuffed size 6.0mm				
H2313	Endotracheal tube	 non cuffed size 6.5mm				
H2321	Endotracheal tube	 non cuffed size 8.5mm				
H2320	Endotracheal tube	 non cuffed size 3.0mm				
H2317	Endotracheal tube	 non cuffed size 4.5mm				
H0288	Mucus extractor manual with bulb					
H0302	Forceps artery curved (SW) 18cm					
H0304	Forceps artery curved (SW) 30cm					
H0310	Forceps artery Kocher's 13cm					
H0312	Forceps artery Kocher's 18cm					
H0306	Forceps artery straight (SW) 13cm					
H0314	Forceps aural dressing					
H0322	Forceps bonney's					
H0318	Forceps bowl Harrison's					
H2207	Forceps cervical biopsy punch (Gellhorm's)	 box+AC0-joint	 230mm			
H0324	Forceps dissecting plain 13cm					
H0326	Forceps dissecting plain 18cm					
H0328	Forceps dissecting toothed 13cm					
H0330	Forceps dissecting toothed 18cm					
H0331	Forceps dressing (Adson's)serrated	delicate (125mm)				
H0351	Forceps intestinal tissue holding (Babcock) 24 cm					
H0361	Forceps intestinal tissue holding (Babcock's) locking boxjoint 165mm					
H1207	Forceps intestinal tissue+AC0-holding (165mm)					
H0342	Forceps mosquito straight					
H0347	Forceps needle holder  (Mayo's) straight					
H0346	Forceps needle holder 18cm (Mayo's)					
H0336	Forceps nickel suture extracting					
H2213	Forceps obstetric (Kielland+AC0-Luikart's)	 400mm				
H2212	Forceps obstetric (Simpson+AC0-Luikart's)	 360mm				
H2214	Forceps obstetric (Wrigley's)	 short model for C/Section	 279mm			
H2215	Forceps ovum (McClintock's)	 curved	 screw joint	 240mm		
H2216	Forceps placenta (Willet's)	 screw joint	 190mm			
H0348	Forceps sinus (Lister's)					
H0354	Forceps sponge holding					
H0320	Forceps steriliser (Cheatle's)					
H2303	Forceps tenaculum (Schroeder's)	 2/2 teeth	 240mm			
H0350	Forceps tissue (Duval) Medium 15.5 cm					
H0358	Forceps tissue (Lane's)					
H0356	Forceps tissue 12.5cm (Alli's)					
H0223	Forceps towel holding (Towel Clip)	 lock screw (127mm)				
H0222	Forceps towel holding (Towel Clip)	 lock screw (89mm)				
H0365	Forceps tracheal (Magill's) adult					
H0366	Forceps tracheal (Magill's) child					
H0362	Forceps tracheal dilating (Bowlby)					
H2217	Forceps uterine (Green Armytage)	 angled screw+AC0-joint	 200mm			
H2304	Forceps uterine (Green Armytage)	 straight screw joint	 200mm			
H2218	Forceps uterine dressing (Bozemann's)	 grooved jaw	 250mm			
H2219	Forceps vulsellum (Lahey's)	 3/4 teeth	 240mm			
H2305	Forceps vulsellum (Teale's)	 curved	 3/4 teeth	 240mm		
H0372	Gag mouth adult (Doyen's)					
H0374	Gag mouth adult (Mason Ackland)					
H0370	Gag mouth child (Doyen's)					
H1224	Giving set iv administration  needle 15 drops/ml					
H1225	Giving set paed iv administration  needle 60 drops/ml					
H0406	Glove disposable latex large					
H0404	Glove disposable latex medium					
H0410	Glove gynaecological elbow length large					
H0409	Glove gynaecological elbow length medium					
H0414	Glove postmortem size 71+IEQ-2					
H0426	Glove surgeon's size 7 sterile					
H0428	Glove surgeon's size 71+IEQ-2 sterile					
H0430	Glove surgeon's size 8 sterile					
H0440	Hammer	 patella				
H0482	Introducer for catheters					
H2324	iv giving sets (paediatric) with calibrated burrette					
H0487	Knife skin grafting blade					
H0486	Knife skin grafting handle					
H0494	Laryngoscope Macintosh	 blade	curved	 hookfitting	adult (130mm)	
H0493	Laryngoscope Macintosh	 blade	curved	 hookfitting	child(114mm)	
H0491	Laryngoscope Macintosh	 blade	curved	 hookfitting	infant(90mm) 	
H0490	Laryngoscope Macintosh	 complete (149mm)				
H0492	Laryngoscope Macintosh	 spare bulb				
H0623	Lumbar puncture set					
H0495	Manual vacuum aspirator set					
H0506	Mask anaesthetic Ambu size 0					
H0507	Mask anaesthetic Ambu size 0A					
H0505	Mask anaesthetic Ambu size 2					
H0504	Mask anaesthetic Ambu size 4					
H0503	Mask anaesthetic Ambu size 5					
H0510	Mask face disposable paper 2+AC0-ply					
H2326	Neck colars					
H0594	Needle disposable Luer 19g x 4cm					
H0596	Needle disposable Luer 21g x 4cm					
H0598	Needle disposable Luer 23g x 2.5cm					
H0620	Needle lumbar puncture Luer 19g x 5cm					
H0628	Needle lumbar puncture Luer 20g x 10cm					
H0627	Needle lumbar puncture Luer 21g x 8cm					
H0625	Needle lumbar puncture Luer 23 g x 3 cm					
H0629	Needle spinal disposable Luer 22g x 10cm					
H0631	Needle spinal disposable Luer 23g x 10cm					
H0690	Needle suture intestinal round bodied 1+IEQ-2 circle trocar					
H2306	Pelvimeter (Martin's)					
H0828	Plug catheter (spigot) large					
H0826	Plug catheter (spigot) medium					
H0824	Plug catheter (spigot) small					
H0830	Probe	 silver 15cm				
H0836	Pulsometer					
H0854	Razor safety  handle and blade (disposable)					
H0850	Razor safety blade					
H0511	Resuscitator	 baby (ambu)	 model R with paedi valve 			
H0806	Retractor (Deaver) large					
H0804	Retractor (Deaver) medium					
H0802	Retractor (Langenbeck)					
H0808	Retractor (Langenbeck)	 blade 25mm x 64mm				
H0800	Retractor rake self+AC0-retaining					
H0807	Retractor self+AC0-retaining with 3 blades (Balfour)					
H2016	Saw	 amputation				
H0890	Scalp vein set disposable Luer 21g					
H0892	Scalp vein set disposable Luer 23g					
H0894	Scalp vein set disposable Luer 25g					
H0061	Scalpel blade size 11 (individually wrapped)					
H2327	Scalpel blade size 12 (for VVF) sterile +ACY- individually wrapped for VVF	 carbon steel				
H0063	Scalpel blade size 15 (individually wrapped)					
H0066	Scalpel blade size 20 (individually wrapped)					
H0067	Scalpel blade size 21 (individually wrapped)					
H0068	Scalpel blade size 22 (individually wrapped)					
H0069	Scalpel blade size 23 (individually wrapped)					
H0070	Scalpel blade size 24 (individually wrapped)					
H0442	Scalpel handle size 3 (for blades 10+AC0-15)					
H0444	Scalpel handle size 4 (for blades 20+AC0-24)					
H0902	Scissors dressing double round 12.5cm					
H0906	Scissors dressing double sharp 12.5cm					
H0904	Scissors dressing single sharp 12.5cm					
H0905	Scissors episiotomy counter					
H0908	Scissors Mayo's curved 13cm					
H0909	Scissors Mayo's curved 18cm					
H0910	Scissors Mayo's curved 20cm					
H0907	Scissors Mayo's curved on flat	 chamfered (14cm)				
H0912	Scissors Mayo's straight 13cm					
H0914	Scissors Mayo's straight 20cm					
H0915	Scissors Metzenbaum	 curved	 dissecting	 18cm		
H0917	Scissors Metzenbaum	 curved	 dissecting	 25cm		
H0965  	Scissors	 bandage (Lister) curved 16cm				
H0936	Screws	 bone (Sherman) 3.6mm x 16mm				
H0999	Sharps disposal receptor					
H0964	Shears plaster (Lorenz) 48cm					
H0970	Spacer					
H1016	Speculum vaginal (Grave's) (medium)					
H1014	Speculum vaginal (Sims) large					
H1012	Speculum vaginal (Sims) medium					
H1010	Speculum vaginal (Sims) small					
H0994	Speculum vaginal duckbill (Cuscoe's) large					
H0993	Speculum vaginal duckbill (Cuscoe's) medium					
H0992	Speculum vaginal duckbill (Cuscoe's) small					
H1020	Sphygmomanometer aneroid					
H1022	Sphygmomanometer mercury desk type					
H1018	Sphygmomanometer spare bulb					
H1019	Sphygmomanometer spare cuff	 adult				
H1023	Sphygmomanometer spare cuff	 child				
H1024	Sphygmomanometer spare cuff	 infant				
H1017	Sphygmomanometer spare valve 					
H1030	Stethoscope binaural					
H1032	Stethoscope binaural chest piece 					
H1036	Stethoscope binaural spare tubing					
H1039	Stethoscope foetal (plastic)					
H1038	Stethoscope foetal heart					
H1035	Stethoscope spare ear piece					
H1119	Suction machine	 foot operated	 twin pump (Ambu)			
H1064	Syringe ear metal					
H1112	Syringe insulin 100 IU with needle 					
H1114	Syringe tuberculin Luer					
H1078	Syringe	 20ml	 disposable with 21g needle			
H1070	Syringe	 2ml	 disposable	 hypoluer with 23g needle		
H1071	Syringe	 2ml	 disposable	 hypoluer with 25g needle		
H1079	Syringe	 50ml	 disposable	 with 19g needle		
H1072	Syringe	 5ml	 disposable	 hypoluer with 21g needle		
H1081	Syringe	 autodestruct	 10ml	 disposable with 21g needle		
H1077	Syringe	 autodestruct	 20ml	 disposable with 21g needle		
H1069	Syringe	 autodestruct	 2ml	 disposable	 hypoluer with 23g needle	
H1073	Syringe	 autodestruct	 2ml	 disposable	 hypoluer with 25g needle	
H1075	Syringe	 autodestruct	 5ml	 disposable	 hypoluer with 21g needle	
H1076	Syringe	10ml	 disposable with 21g needle			
H0225	Tape	 umbilical cotton	 3mm x 20m	 non+AC0-sterile		
H1202	Thermometer clinical oral					
H1201	Thermometer clinical rectal					
H1203	Thermometer digital					
H0264	Tongue depressors	 wooden				
H2300	Tourniquet	 with cuff	 hand pump and manometer (adult)			
H2301	Tourniquet	 with cuff	 hand pump and manometer (child)			
H1241	Tube	 chest drainage	 size 14			
H1242	Tube	 chest drainage	 size 18			
H1243	Tube	 chest drainage	 size 22			
H1244	Tube	 chest drainage	 size 28			
H1250	Tube	 duodenal Ryle's polythene FG 10				
H1252	Tube	 duodenal Ryle's polythene FG 12				
H1254	Tube	 duodenal Ryle's polythene FG 14				
H1256	Tube	 duodenal Ryle's polythene FG 16				
H1258	Tube	 duodenal Ryle's polythene FG 18				
H1260	Tube	 duodenal Ryle's polythene FG 20				
H1262	Tube	 duodenal Ryle's polythene FG 24				
H1265	Tube	 endobronchial suction size 10				
H1266	Tube	 endobronchial suction size 12				
H1267	Tube	 endobronchial suction size 14				
H1263	Tube	 endobronchial suction size 6				
H1264	Tube	 endobronchial suction size 8				
H1290	Tube	 endotracheal 15mm size 5				
H1289	Tube	 endotracheal 15mm size 6				
H1288	Tube	 endotracheal 15mm size 7				
H1287	Tube	 endotracheal 15mm size 8				
H1286	Tube	 endotracheal 15mm size 9				
H1309	Tube	 endotracheal	 PVC cuffed	 size 7.5mm		
H1311	Tube	 endotracheal	 PVC cuffed	 size 7mm		
H1308	Tube	 endotracheal	 PVC cuffed	 size 8mm		
H1322	Tube	 feeding CH 6				
H1324	Tube	 feeding CH 8				
H1312	Tube	 mount 22cm				
H1334	Tube	 nasal	 gastric 16ch			
H1333	Tube	 nasal	 gastric 8ch			
H1320	Tube	 pharyngeal suction	 adult			
H1321	Tube	 pharyngeal suction	 child			
H1319	Tube	 pharyngeal suction	 soft	 size 14		
H1340	Tube	 stomach 75cm EG  8				
H1342	Tube	 stomach 75cm EG 10				
H1344	Tube	 stomach 75cm EG 12				
H1346	Tube	 stomach 75cm EG 14				
H1348	Tube	 stomach 75cm EG 16				
H1350	Tube	 stomach 75cm EG 18				
H1349	Tube	 stomach 75cm EG 24				
H1270	Tube	 suction (Poole) (241mm)				
H2322	Tube	 tracheostomy	 cuffed size 4.5			
H2323	Tube	 tracheostomy	 cuffed size 5			
H1351	Tube	 tracheostomy	 cuffed size 6			
H1352	Tube	 tracheostomy	 cuffed size 7			
H1353	Tube	 tracheostomy	 cuffed size 8			
H2013	Wire stirrups (Kirschner)					
H0028	Wooden applicators					
I	Reading glasses					
I0054	Lens	 intraocular	 power 20/21			
K0018	Bag tablet dispensing	 polythene	 disposable 9 x 10cm			
K0046	Bottle dropper	 amber 10ml				
K0074	Brush bottle	 large				
K0072	Brush bottle	 medium				
K0070	Brush bottle	 small				
K0104	Funnel	 glass 150mm diameter				
K0106	Funnel	 glass 250mm diameter				
K0146	Measure	 glass	 100ml			
K0142	Measure	 stainless steel	 1 litre graduated 			
K0154	Mortar +ACY- pestle	 glass	 10cm			
K0156	Mortar +ACY- pestle	 porcelain	 15cm			
K0158	Mortar +ACY- pestle	 porcelain	 30cm			
K0160	Spatula	 stainless steel	 15cm			
L0006	Apron	 disposable	 polythene			
L0002	Apron	 surgeon's polythene	 foot length			
L0044	Bed pan	 stainless steel	 adult			
L0046	Bed pan	 stainless steel	 child			
L0074	Bottle	 hot water	 rubber			
L0208	Bowl	 kidney	 stainless steel	 medium	 25cm	
L0206	Bowl	 kidney	 stainless steel	 small	 15cm	
L0080	Bowl	 lotion stainless steel 15 cm				
L0082	Bowl	 lotion stainless steel 20 cm				
L0084	Bowl	 lotion stainless steel 30 cm				
L0086	Bowl	 stand double				
L0142	Couch	 examination wooden				
L0164	Cup	 feeding				
L0174	Drum	 dressing	 stainless steel 15 x 12 inches			
L0170	Drum	 dressing	 stainless steel 22.5 x 22.5cm			
L0177	Drum	 dressing	 stainless steel 32.5 x 12.5cm			
L0172	Drum	 dressing	 stainless steel 37.5 x 15cm			
L0194	Gallipot	 stainless steel 120ml (with lid)				
L0198	Gallipot	 stainless steel 180ml (with lid)				
L0202	Gallipot	 stainless steel 240ml (with lid)				
L0190	Gallipot	 stainless steel 60ml (without lid)				
L0568	Goggles	 safety plastic 				
L0501	Infant resuscitator	 clear plastic  mask  bag				
L0214	Jar	 forceps	 Cheatle			
L0212	Jar	 forceps	 stainless steel 22 x 7cm			
L0228	Measure	 medicine	 stainless steel with lid			
L0242	Pump	 suction	 electrical 240v/50hz			
L0246	Pump	 suction	 foot+AC0-operated			
L0248	Jar for foot+AC0-operated type	 pump	 suction	 		
L0260	Receiver	 stainless steel 15cm with lid				
L0264	Receiver	 stainless steel 20cm with lid				
L0268	Receiver	 stainless steel 25cm with lid				
L0272	Receiver	 stainless steel 30cm with lid				
L0502	Resuscitator	 mask	 adult	 autoclavable		
L0504	Resuscitator	 mask	 infant	 autoclavable		
L0292	Scale	 baby	 to 20kg with 100g divisions			
L0294	Scale	 bathroom	 to 125kg 			
L0356	Stand	 i.v. drip	 bed fitting type			
L0358	Stand	 i.v. drip	 mobile on castors			
L0365	Sterilizer	 electrical 3 drum				
L0362	Sterilizer	 high pressure electrical				
L0364	Sterilizer	 high pressure non+AC0-electrical				
L0366	Sterilizer	 instrument	 27.5 x 14 x 10cm	 electrical		
L0372	Sterilizer	 instrument	 50 x 25 x 22.5cm	 electrical		
L0244	Jar collection	suction pump 				
L0048	Boots surgeon's	 female size 4				
L0050	Boots surgeon's	 female size 5				
L0060	Boots surgeon's 	 male size 10				
L0062	Boots surgeon's 	 male size 11				
L0052	Boots surgeon's 	 male size 6				
L0054	Boots surgeon's 	 male size 7				
L0056	Boots surgeon's 	 male size 8				
L0058	Boots surgeon's 	 male size 9				
L0434	Tray	 stainless steel no lid 20 x 15 x 5cm				
L0436	Tray	 stainless steel no lid 25 x 20 x 5cm				
L0438	Tray	 stainless steel no lid 45 x 32.5 x 5cm				
L0440	Tray	 stainless steel with lid 20 x15 x 5cm				
L0442	Tray	 stainless steel with lid 30 x 25 x 5cm				
L0464	Trolley	 instrument				
L0463	Trolley	 patient				
L0466	Trolley	 soiled linen kick+AC0-about				
L0470	Trolley	 theatre patient				
L0469	Trolley	 theatre stretcher+AC0-type imported				
L0498	Urinal	 female stainless steel				
L0500	Urinal	 male stainless steel				
L0182	Vacuum extractor	 electrical				
L0180	Vacuum manual aspirator (MVA kit)					
L0128	Wheelchair	 folding type				
M0484	ABX Miniclean					
M0482	ABX Minilyse					
M0481	ABX Minoclair					
M0480	ABX Minoton					
M0320	Acetone in urine (Acetest)					
M0312	Acid phosphatase	15ml				
M0469	ACT  pack					
M0498	Agar	 base urea				
M0500	Agar	 blood base 500g				
M0518	Agar	 dextrose				
M0504	Agar	 DST				
M0520	Agar	 GC base				
M0502	Agar	 MacConkey	 500g (salt free)			
M0501	Agar	 MacConkey	 500g (with salt)			
M0506	Agar	 mannitol salt				
M0522	Agar	 nutrient				
M0510	Agar	 sabouraud dextrose				
M0512	Agar	 SIM				
M0514	Agar	 sorbital McConkey				
M0516	Agar	 TCBS cholera				
M0503	Agar	 XLD				
M0306	Albumin test kit (Bromocresol green method)					
M0311	Alkaline phosphatase test kit	 15ml				
M0359	Ames glucostix					
M0842	Amoxycillin disc 35mcg					
M0843	Ampicillin disc 10mcg					
M0330	Amylase test kit	 5ml				
M0329	Anti +AC0- streptolysin (ASOT) test kit					
M0465	Anti+AC0-human globulin (Coombs' test)	 10ml				
M0725	Bacitracin 0.04 units	 discs				
M0701	Bacitracin 0.1 units	 discs				
M0328	Bilirubin in urine (Iactotest)					
M0319	Bilirubin total and direct test kit	 100ml				
M0454	Blood grouping serum Anti+AC0-A 10ml					
M0457	Blood grouping serum Anti+AC0-AB 10ml					
M0456	Blood grouping serum Anti+AC0-B 10ml					
M0458	Blood grouping serum Anti+AC0-D 10ml					
M0337	Blood in urine (Haemastix)					
M0410	Bluetips 10+AC0-50L					
M0016	Bottle	 Bijou	 5ml	 with stainless steel screw cap		
M0407	Bottle	 blood collecting plain glass vacuated	 5ml			
M0450	Bottle	 blood collecting plain glass vacuated	 7ml			
M0414	Bottle	 blood collecting plastic 5ml with sod+AC0-cit 3+AC0-8+ACU- solution				
M0408	Bottle	 blood collecting plastic with fluoride oxalate	 5ml screw cap			
M0406	Bottle	 blood collecting vacuated	 5ml with EDTA			
M0017	Bottle	 blood culture	 10ml			
M0013	Bottle	 blood culture	 5ml			
M0412	Bottle	 plastic plain with screw cap 12ml				
M0018	Bottle	 wide mouth stainless steel screw cap 30ml				
M0402	Bulbs for humalyser 2000  6V  20 W  					
M0401	Bulbs microscope 6V 10W  					
M0404	Calcium test kit					
M0363	Carbol fuchsin strong (modified)					
M0464	Syfacard+AC0-RPR test kit					
M0517	Cary+AC0-Blair transport medium					
M0844	Cefuroxime 30mcg discs					
M0032	Centrifuge	 hand type complete				
M0728	Cephalexin 30mg discs					
M0787	Chart	 temperature				
M0720	Chloramphenicol discs					
M0425	Chloride (Cl+AC0-) Electrode for Nova 5					
M0405	Cholesterol test kit	250ml				
M0740	Ciprofloxacin 5mcl (microlitre) discs					
M0437	Cleaning solution for Nova 5					
M0839	Cloxacillin discs 5mcg					
M0438	Conditioning reagent for sodium (Na) for NOVA 5					
M0838	Cotrimoxazole disc 25mcg					
M0479	Coulter 4C+-cell control					
M0474	Coulter clenz					
M0475	Coulter print out cards T8					
M0411	C+AC0-Reactive protein test kit	100ml				
M0415	Creatinine  test kit					
M0417	Creatinine kinase test kit	15ml				
M0365	Crystal violet powder					
M0710	Culistin sulphate discs					
M0433	Culture swabs	 sterile				
M0430	Dextrose	 citrate blood bag with needle 16g	 250ml			
M0431	Dextrose	 citrate blood bag with needle 16g	 450ml			
M0713	Doxycycline 30mg discs					
M0706	Erythromycin discs					
M0366	Field stain A dry powder					
M0370	Field stain B dry powder					
M0374	Fuchsin basic dry powder					
M0375	Geimsa powder 25g					
M0743	Gentamicin 10mcg (microgram) discs					
M0331	Glucose in blood (Dextrostix)					
M0326	Glucose in urine (Clinistix)					
M0377	Glucose test kit (colourimetric test) GOD/PAP	1000ml				
M0378	Gram's A fluid					
M0380	Gram's iodine fluid					
M0418	Hemostat control plasma N	1ml				
M0419	Hemostat control plasma P	1ml				
M0788	Haemacue Hb 201 					
M0777	Haemacue Hb 201 +AC0- cuvettes  					
M0779	Haemacue control micro+AC0- cuvettes  					
M0325	Hepatitis B					
M0371	Humatrol N	5ml				
M0373	Humatrol P	5ml				
M0778	Ink	 indian				
M0472	Isoton III					
M0323	Ketones/glucose in urine (Azostix)					
M0397	Kovac's reagent					
M0383	Leischman's dry powder					
M0206	Lens cleaning tissue					
M0473	Lyse S III diff					
M0388	Malachite green dry					
M0392	Methylene blue dry					
M0709	Metronidazole 50mcg discs					
M0116	Microscope cover slip 22mm x 22mm					
MO117	Microscope cover slip 22mm x 45mm					
M0118	Microscope cover slip 22mm x 50mm					
M0114	Microscope cover slip no.2 22mm					
M0112	Microscope cover slips no.1 22mm					
M0124	Microscope slide 75mm x 25mm					
M0424	Microscope slide frosted end 75mm x 25mm					
M0600	Microtome blades 					
M0606	Minotrol TM+AC0-16					
M0041	Monocontainers 4oz (50g)					
M0786	Multistix					
M0730	Nalidixic acid discs					
M0840	Nitrofurantoin 300mcg discs					
M0841	Norfloxacin disc 5mcg discs					
M0434	Nova 5 fluid pack					
M0702	Novobiscin 5mg discs					
M0338	Oil immersion (cedarwood)					
M0735	Optochin disc					
M0837	Oxacillin discs 1mcg					
M0478	Oxide strip reagent					
M0130	Paper filter Whatman no.1 size 10cm					
M0132	Paper filter Whatman no.1 size 15cm					
M0134	Paper filter Whatman no.1 size 24cm					
M0129	Paper thermal					
M0070	Pencil	 grease				
M0700	Penicillin G 1 unit disc					
M0072	Petri dishes	 disposable				
M0336	pH/protein/glucose/ketones/blood in urine (Labstix)					
M0361	Phenol crystals					
M0448	Phosphorus test kit					
M0423	Pipette tips 200+AC0-1000mcl (microlitre)					
M0413	Pipette tips 5+AC0-300mcl (microlitre) (Yellow tips)					
M0426	Pipette	 pasteur plastic disposable 				
M0861	Pipette	 plastic				
M0422	Potassium (K) electrode for Nova 5					
M0340	Potassium permanganate					
M0432	Pregnancy slide test kit					
M0427	Prickers	 blood lancets				
M0322	Protein in urine (Albustix)					
M0348	Protein/glucose in urine (Uristix)					
M0444	Prothrombin time test kits	 1ml				
M0190	Rack for Westergreen ESR to take 6 tubes					
M0439	Reference electrode for Nova 5					
M0452	Rheumatoid factor test kit					
M0849	Salmonella (H) antisera poly					
M0850	Salmonella (H) factor 0					
M0851	Salmonella (H) factor 1					
M0845	Salmonella (H) factor 1	2				
M0852	Salmonella (H) factor d					
M0853	Salmonella (H) factor g	 m				
M0856	Salmonella (O) factor (vi)					
M0854	Salmonella (O) factor 2					
M0846	Salmonella (O) factor 4					
M0847	Salmonella (O) factor 6	7				
M0855	Salmonella (O) factor 9					
M0848	Salmonella antisera poly A+AC0-S					
M0455	SGOT (Aspartate Aminotransferase) test kit	 15ml				
M0464	SGPT (Alanine Aminotransferase ) test kit	 15ml				
M0435	Sodium (Na) electrode for Nova 5	 				
M0030	Sulphuric acid					
M0733	Tobramycin 10mcg (microgram) discs					
M0321	Total Protein test kit (Biuret method)					
M0507	Toulene					
M0608	Transfusion set blood administration  pump  needle					
M0609	+ACI-Transfusion set blood administration with needle, 18g x 1 1/2+ACIAIg-+ACI-					
M0784	Trichloroacetic acid					
M0459	Triglycerides test kit	 100ml				
M0399	Triple sugar iron agar (TSI)					
M0208	Tube capillary heparinised					
M0209	Tube capillary plain					
M0210	Tube capillary  (EDTA)					
M0421	Vacutainer 5ml	 plain glass				
M0429	Vacutainer 10ml	 plain glass				
M0542	Urea 40+ACU- solution					
M0308	Urea test kit (modified Berthelot method)	 100ml				
M0310	Uric acid test kit	 100ml				
M0409	White tips 10+AC0-50L					
M0318	Widal test kit 5ml					
M0783	Wire	 microme inoculation loop				
M0705	X factor discs					
M0707	XV factor discs					
M0398	Xylene					
N0211	24cm x 30cm stationery parallel grid (30 strips per centimeter)					
N0213	30cm x 40cm stationery parallel grid (30 strips per centimeter)					
N0214	35cm x 35cm stationery parallel grid (30 strips per centimeter)					
N0212	35cm x 43cm stationery parallel grid (30 strips per centimeter)					
N0215	AP/PA clip+AC0-on Metal markers					
N0001	Barium sulphate disposable enema 93+ACU-	 400g				
N0002	Barium sulphate disposable enema with cufflator					
N0023	Barium sulphate for suspension	 95+ACU-	 w/w 300g			
N0024	Barium sulphate oesophangeal cream 70+ACU- (Microtrast)					
N0071	Box viewing (area 35cm x 120cm)					
N0070	Box viewing (area 35cm x 43cm)					
N0073	Box viewing X+AC0-ray viewer 120cm x 43cm					
N0072	Cassette with intensifying screen 13cm x 18cm					
N0074	Cassette with intensifying screen 18cm x 24cm					
N0075	Cassette with intensifying screen 18cm x 43cm					
N0076	Cassette with intensifying screen 24cm x 30cm					
N0078	Cassette with intensifying screen 30cm x 40cm					
N0080	Cassette with intensifying screen 35cm x 35cm					
N0082	Cassette with intensifying screen 35cm x 43cm					
N0204	Developer for automatic process (makes 20 litres)					
N0206	Developer replenisher					
N0008	Developer for manual process (makes 10 litres)					
N0209	Developer for scopex automatic daylight process (makes 20litres)					
N0088	Envelopes for films 13cm x 18cm					
N0090	Envelopes for films 18cm x 24cm					
N0092	Envelopes for films 24cm x 30cm					
N0094	Envelopes for films 30cm x 40cm					
N0096	Envelopes for films 35cm x 35cm					
N0098	Envelopes for films 35cm x 43cm					
N0050	Filmscreen type 13cm x 18cm					
N0052	Filmscreen type 18cm x 24cm					
N0053	Filmscreen type 18cm x 43cm					
N0054	Filmscreen type 24cm x 30cm					
N0056	Filmscreen type 30cm x 40cm					
N0058	Filmscreen type 35cm x 35cm					
N0060	Filmscreen type 35cm x 43cm					
N0181	Filmscreen	 scopex 35cm x 43cm (for ultrasound scan)				
N0205	Fixer for automatic process (makes 20 litres)					
N0016	Fixer for manual process (makes 10 litres)					
N0210	Fixer for scopex automatic daylight process (makes 20litres)					
N0203	Fixer replenisher					
N0202	Iopamidol 300mg/ml	 10ml				
N0004	Iopamidol injection 6.12g/10ml					
N0144	Lead rubber aprons					
N0062	Marker for identifying filmscreen (dark room use)					
N0006	Meglumine iothalamate inj. 60+ACU- (Conray 280) 50ml					
N0022	Micropaque 3k.					
N0170	Screen intensifying 13cm x 18cm					
N0172	Screen intensifying 18cm x 24cm					
N0174	Screen intensifying 24cm x 30cm					
N0176	Screen intensifying 30cm x 40cm					
N0178	Screen intensifying 35cm x 40cm					
N0180	Screen intensifying 35cm x 43cm					
N0007	Sodium iothalamate inj. 70+ACU- (Conray 420) 20ml					
N0036	Sodium meglumine diatrizoate inj (Urografin/Urovideo) 60+ACU- 20ml					
N0038	Sodium meglumine diatrizoate inj (Urografin/Urovideo) 76+ACU- 20ml					
N0018	Sodium meglumine diatrizoate soln. (Gastrografin) oral/rectal					
N0190	Thermal paper of 200 exposures					
N0182	Ultrasound jelly					
P0330	Air motor	 integrated spray	 autoclavable	 ISO+AC0-205 (NSK)		
P0030	Alginate impression material (Supreme) 					
P0159	Amalgam capsule no. 1	 non+AC0-gamma 				
P0160	Amalgam capsule no. 2	 non+AC0-gamma 				
P0278	Bar	 arch (RMG17)				
P0279	Barbed broaches xxx+AC0-fine/coarse					
P0300	Bib	 plastic	 adult 			
P0463	Biosonic (UC32) cleaning solution					
P0466	Bite wafers white laminated (kerr)					
P0422	Brushes	 polishing	 medium			
P0360	Burs	 composite finishing system (Brilliant gloss kit)				
P0349	Burs	 diamond flat+AC0-end	 tapered long	 FG medium		
P0350	Burs	 diamond	 cylinder long	 FG medium 		
P0345	Burs	 diamond	 round FG	 medium		
P0347	Burs	 Pameijer for crown +ACY- bridge				
P0361	Burs	 steel round	 PC5	 PC8		
P0355	Burs	 TC round	 oral surgery			
P0353	Burs	 TC round	 plain cut	 no. 6	7	8
P0356	Burs	 TC tapered	 fissure	 oral surgery		
P0357	Burs	 TC	 acrylic	 trimmers		
P0363	Burs	 two stripper	 FG544	 FG545		
P0138	Carrier for Amalgam (Aesculap DF 16C) 					
P0605	Cassette for OPG film 15cm x 30cm					
P0404	Cavit medium					
P0134	Chisel	 enamel (Aesculap DC 81)				
P0414	Cold mould seal					
P0167	Composite chemical cure +ACY- etching system 					
P0420	Cones	 pointed polishing	 medium			
P0338 	Coupling	 quick disconnecting	 PTL (NSK)			
P0184	Cresophene 13ml root canal disinfectant					
P0135	Crown forms acetate assorted					
P0137	Crown forms PD aluminium assorted					
P0139	Crown forms polycarbonate assorted					
P0141	Crown forms stainless steel assorted					
P0270	Cutter	 wire (Aesculap DP 551)				
P0046	Dental floss Oral B waxed					
P0607	Dental Technician lab kit					
P0067	Disinfectant fine spray (Trident)					
P0609	Electrical pump scanner					
P0093	Ethyl chloride spray	 topical anaesthetic				
P0109	Excavator	 large (Aesculap DC 239)				
P0108	Excavator	 medium (Aesculap DC 200)				
P0186	Files	 Hedstroem Kerr	 25mm 06+AC0-40			
P0187	Files	 Hedstroem Kerr	 25mm 45+AC0-110			
P0189	Files	 K+AC0-Flex Kerr	 21mm 06+AC0-40			
P0190	Files	 K+AC0-Flex Kerr	 21mm	 45+AC0-110		
P0375	Film	 occlusal (Kodak)				
P0370	Film	 OPG 30cm x 15cm  (Kodak) green sensitive				
P0372	Film	 periapical	 adult (Kodak DF58) 			
P0170	Fluoride varnish (Duraphat)					
P0272	Forceps for wire ligature (Aesulap DO 872)					
P0274	Forceps repositioning (Aesculap DO 321)					
P0275	Forceps repositioning (Aesculap DO 322)					
P0207	Forceps	 lower incisor and biscuspids	 adult (Aesculap DG 413)			
P0210	Forceps	 lower incisors	 bicuspids	 molars	 paed (Aesculap D1400)	
P0208	Forceps	 lower molar	 adult (Aesculap DG 565)			
P0209	Forceps	 lower roots	 adult (Aesculap DG 729)			
P0200	Forceps	 upper incisor	 adult (Aesculap DG 006)			
P0201	Forceps	 upper incisor	 adult (Aesculap DG 107)			
P0205	Forceps	 upper molar paed. (Aesculap DK 60)				
P0203	Forceps	 upper molar R and L (Aesculap  DG 130)				
P0204	Forceps	 upper roots (Aesculap DG 365)				
P0162	Glass ionomer cement powder +ACY- liquid					
P0163	Glass ionomer reinforced powder +ACY- liquid (Fujii IX)					
P0142	Glass mixing slab					
P0412	Gloss compound for acrylic 					
P0608	Hand piece for ultrasonic scaler p5 booster					
P0230	Hydrogen peroxide	 20 vol.				
P0400	Impression tray adhesive aerosol					
P0401	Impression tray solvent aerosol					
P0080	Lignocaine 2+ACU- Adrenaline 1/80	000 cartridge 1.8ml				
P0152	Liner calcium hydroxide 					
P0155	Liner	 glass ionomer 				
P0440	Liner	 soft material				
P0053	Masks	 face	 fluid resistant shield			
P0086	Mepivacaine hydrochloride 3+ACU- plain 1.8ml cartridge					
P0405	Monomer	 acrylic denture base				
P0406	Monomer	 acrylic self cure	 resin base			
P0288	Needle holder	 crile+AC0-wood (Aesculap BM 16)				
P0088	Needle	 disposable dental	 27g long			
P0611	NPG (non precious gold) alloy					
P0341	Oil spray for handpiece	 universal				
P0531	Orthodontic Exp screws (large)					
P0530	Orthodontic Exp screws (medium)					
P0529	Orthodontic Exp screws (small)					
P0612	Orthodontic pliers 64					
P0613	Orthodontic pliers 65					
P0523	Orthodontic wire (size 0.6)					
P0524	Orthodontic wire (size 0.7)					
P0525	Orthodontic wire (size 0.8)					
P0526	Orthodontic wire (size 0.9)					
P0527	Orthodontic wire (size 1.0)					
P0528	Orthodontic wire (size 1.5)					
P0517	Paste filler 25/25+AC0-40					
P0425	Pencils	 indelible				
P0232	Periodontal prophylaxis (Aesculap BD 970)					
P0522	Phosphori Dental adhesive system (Scothbond multipose 3M)					
P0539	Polishing kits amalgam (shofu)					
P0543	Polishing system enhance (Dentisply)					
P0409	Polymer acrylic	 denture base				
P0410	Polymer acrylic	 self cure	 resin base			
P0446	POP dental stone	 ortho				
P0444	POP dental stone	 yellow				
P0442	POP dental white					
P0100	Probe dental (Aesculap DA 470)					
P0418	Pumice 					
P0280	Retractor	 cheek	 Langenbeck (BT320	 BT321)		
P0281	Retractor	 cheek	 Langenbeck (BT322	 BT323	 BT325	 BT326)
P0050	Rolls	 cotton dental				
P0560	Root canal sealer (Dentisply AH plus)					
P0562	Root canal spreader S/E NI+AC0-TI					
P0180	Root canal treatment material	 complete kit (Sealapex)				
P0568	Safety goggles clear					
P0570	Saliva ejectors flexible					
P0140	Spatula for cement (Aesculap DF 153)					
P0290	Spatula	 tongue (Bruenings) (Aesculap OM 208)				
P0298	Suction tips	 white	 PVC autoclavable (Cattani)			
P0449	Sunburst alloy					
P0085	Syringes for dental cartridge	 2ml				
P0434	Teeth	 acrylic anteriors	 assisted shades +ACY- moulds			
P0435	Teeth	 acrylic posteriors	 assisted shades +ACY- moulds			
P0126	Trimmer	 gingival	 margin L (Aesculap DC 77)			
P0127	Trimmer	 gingival	 margin R (Aesculap DC 78)			
P0294	Trimmer	 Mitchell's	 osteo no. 4			
P0106	Tweezers	 dental (Aesculap DA 204)				
P0351	Vermix stone					
P0577	Viscogel tissue conditioner (Dentisply)					
P0432	Wax	 modelling	 no. 4 gauge			
P0255	Wire ligature 0.4mm	 roll of				
P0157	Zinc oxide eugenol liquid					
P0158	Zinc oxide eugenol powder					
Q0004	CMS Drugs and Medical Sundry Catalogue 					
Q0008	DDA Book					
Q0002	Requisition book					
TB0346	Water for injection	 10ml				
TB1072	Syringes 5ml	 disposable hypoluer with 21g needle				
TB0338	Oil immersion (cedarwood)					
TB0361	Phenol crystals					
TB0002	Ethambutol 400mg tablet					
TB0003	Ethambutol 100mg tablet					
TB0004	Ethambutol400mg/isoniazid 150mg tablet (Fatol+AK4-)					
TB0006	Isoniazid 300mg tablet					
TB0008	Isoniazid 100mg tablet					
TB0010	Pyrazinamide 400mg tablet					
TB0012	Rifampicin 150mg/isoniazid 100mg tablet (Rifinah+AK4-)					
TB0013	Rifampicin 150mg/isoniazid 75mg tablet 					
TB0044	Streptomycin injection 1g					
TB1070	Syringes 2ml	 disposable hypoluer with 21g needle 				
TB0030	Sputum containers 4oz					
TB0032	Methylated spirit 					
TB0033	Methylated spirit					
TB0050	Auramine +IBg-O+IBk- Gurr					
TB0052	Bromothymol blue					
TB0054	Glycerol analar					
TB0059	Filter paper No. 1					
TB0060	Sodium hydroxide					
TB0064	Zinc powder metal (for complexometric)					
TB0070	Diamond writing pencil					
TB0075	Loop holder insulated 152mm					
TB0077	Markers (super colour) extra fine					
TB0081	Adhesive labels					
TB0018	Hydrochloric acid 					
TB0340	Potassium permanganate					
TB0045	Sulphuric acid 					
TB0206	Lens cleaning tissue					
TB0043	Microscope slides+AC0-frosted G+AC0-edged					
TB0424	Microscope slides+AC0-frosted end					
TB0374	Fuchsin basic dry powder					
TB0080	Methylene blue					
TB0398	Xylene					
TB0400	Rifabutin 250mg					
TB0403	Rifampicin 150mg					
TB0405	Co+AC0-trimoxazole 480mg					
TB0407	Amikacin sulphate 250mg inj					
TB0408	Amikacin sulphate 500mg inj					
TB0409	Amikacin sulphate 1g inj					
TB0411	Capreomycin sulphate 1g					
TB0412	Ciprofloxacin 250mg					
TB0413	Ciprofloxacin 500mg					
TB0415	Cycloserine 250mg					
TB0417	Ethionamide 125mg					
TB0418	Ethionamide 250mg					
TB0420	Kanamycin   sulphate 250g					
TB0421	Kanamycin   sulphate 500g					
TB0422	Kanamycin   sulphate 1g					
TB0425	Rifampicin150mg/Isoniazid75mg/Pyrazinamide400mg/Ethambutol 275mg (RHZE)					
TB0427	Rifampicin150mg/Isoniazid75mg/Ethambutol 275mg (RHE)					
TB0429	Rifampicin60mg/Isoniazid30mg/Pyrazinamide150mg(RHZ)					
TB0430	Rifampicin80mg/Isoniazid30mg (RH)					
TB0432	Ofloxacin 200mg					
TB0433	Ofloxacin 400mg					
TB0440	Protionamide 125mg					
TB0441	Protionamide 250mg					
TB0442	Terizidone 300mg					
TB0445	Tube culture pyrex with screw caps 16x25mm					
CS0002	Oral Contraceptive tablets +IBM- low oestrogen (e.g.Lofemenal+AK4-)					
CS0006	Oral Contraceptive tablets +IBM- progestogen only (e.g.Ovrette+AK4-)					
CS0008	0.03mg ethinylestradiol  0.15mg levonorgestrel					
CS0012	Medroxyprogesterone acetate injection 150mg/mL	 10mL vial (Depo+AC0-Provera+AK4-/Petrogen+AK4-)				
CS0020	Vaginal Contraceptive tablets	 foaming (Conceptrol+AK4-)				
CS0024	Copper containing IUCD (Copper T+AK4-)					
CS0036	Condoms with spermicide					
CS0040	Progestogen only surgical implant (Norplant+AK4-)					
ST0414	Doxycycline 100mg 					
ST0173	Erythromycin 250mg					
ST0261	Metronidazole 200mg					
ST0262	Metronidazole 250mg 					
ST0590	Nystatin pessaries 100	000 IU				
ST0224	Benzathine benzylpenicillin 1.44g (2.4MU)	 PFR				
ST1070	Syringe hypoluer 2mL 23G disposable					
ST1072	Syringe hypoluer 5mL 21G disposable					
ST1081	Syringes	 disposable	 autodestruct	 10ml with 21G needle		
ST0440	Gentian violet paint	 aqueous				
ST0624	Podophyllum paint 15+ACU- in compound benzoic tincture					
ST0088	Determine HIV 1/2					
ST0087	Determine syphillis					
ST0089	Haemastrip 					
ST0325	Hepatitis B					
ST0090	Unigold					
ST0091	Bioline					
ST0092	Veronostika					
SM0450	Sodium chloride 0.9+ACU-					
SM0081	Syntometrime (Ergometrine 0.5mg Oxytocin 10 IU/ml	 1ml)				
SM0012	Black disinfectant					
SM0170	Gauze swabs 8ply 10cm x 10cm					
SM0064	Diazepam	 5mg/ml	 2ml			
SM0242	Cotton wool 500g					
SM0238	Maternity pads					
SM0214	Catgut chromic 0 on needle rb 1+IEQ-2 c 40mm					
SM0123	Cannula IV (Venflon) 18					
SM0124	Cannula IV (Venflon) 20					
SM0125	Cannula IV (Venflon) 22					
SM0126	Cannula IV (Venflon) 24					
SM0162	Gauze absorbent 40m					
SM0170	Gauze swabs 8+AC0-ply 10cm x 10cm					
SM0185	Ferrous sulphate 200mg/folic acid 250micrograms					
SM0440	Gentian violet paint	 aqueous				
SM0404	Gloves disposable latex medium					
SM0406	Gloves disposable latex large					
SM0428	Gloves surgeon size 7 1+IEQ-2 sterile					
SM0450	Sodium chloride 0.9+ACU-					
SM0609	Transfusion set	 blood				
SM0224	Clips umbilical cord polythene					
SM0225	Tape	 umbilical cotton	 non+AC0-sterile			
SM0002	Polythene apron reusable					
SM1224	Giving set iv administration  needle 15drops/ml					
CL0039	Amoxycillin 250mg					
CL0404	Cotrimoxazole 120mg					
CL0034	Chloramphenicol succinate 1g	 PFR				
CL0096	Gentamicin 10mg/ml	 2ml				
CL0220	Benzylpenicillin 1g (1MU)	 PFR				
CL0346	Water for injections 10ml					
CL0248	Amoxycillin 125mg/5ml suspension					
CL0254	Chloramphenicol suspension 125mg/5ml					
CL1070	Syringes	 hypoluer	 2ml 23g	 disposable		
CL1071	Syringes	 hypoluer	 2ml 25g	 disposable		
CL1073	Bottle	 plain plastic with screw cap				
GF0278	Nystatin oral suspension 100	000IU/dose				
GF0550	Clotrimazole 1+ACU-					
GF0013	Amphotericin B 50g/vial					
GF0116	Ciprofloxacin 250mg					
GF0005	Acyclovir 400mg					
GF0006	Acyclovir 5+ACU- cream 					
GF0330	Vincristine sulphate 1mg PFR					
GF0007	Lamivudine 150mg  Stavudine 30mg  (Dual comb.)					
GF0008	Lamivudine 150mg  Stavudine 30mg  Nevirapine 200mg  (Triple Combination)					
GF0009	Lamivudine 150mg +Stavudin//0- 40mg  Nevirapine 200mg  (Triple Combination)					
GF0033	CD4 Counter machine					
GF0014	Iso Flow (Beckman coulter)					
GF0015	Facs flow 					
GF0016	Facs Count reagents kit					
GF0017	Facs Count cleaning solution					
GF0018	Facs control kit					
GF0026	Traceable humidity monitor					
GF0025	Humidity sponge desiccant					
GF0021	Reagent trough	 500ml				
GF0022	Laboratory timing device					
GF0023	Blood collecting filter card grade 903 (Dry blood spot filter paper)					
GF0024	Multipurpose storage container 1.1L					
GF0012	Micro+AC0-Amp Reaction tube 0.2 ml					
GF0027	Micro Vials flat Bottom screw 2ml (1.8mm)					
GF0020	Ethyl Alcohol					
GF0004	Stavudine 40mg (D4T)  Lamivudine 150 mg 3TC					
GF0010	Nevirapine 200mg					
GF0092	Vironostica HIV					
GF0090	Unigold					
GF0089	Haemastrip 					
GF0088	Determine HIV 1/2					
GF0091	Bioline					
GF0011	Lamividine 150 mg (3TC)  Zidovidine 300mg AZT					
GF0263	Morphine 10 mg					
GF0296	Paracetamol 500mg tablet					
GF0028	Tip filter non+AC0-sterile20+AC0-200					
GF0029	Vortex mixer					
GF0030	Vacutainer K3EDTA tube 4.5ml					
GF0031	Vacutainer multi sample needles					
GF0032	Biohazard bags with seal 18.5 x 20cm					
GF0077	Fine point permanent marker					
GF0034	Tips filter non+AC0-sterile capacity 2+AC0-20					
GF0035	Tips filter non+AC0-sterile capacity 20+AC0-200					
GF0036	Tips filter non+AC0-sterile capacity 50+AC0-300					
GF0037	Falcom conical tubes 15ml 17 x 120mm					
GF0038	Falcom conical tubes 50ml 30 x 115mm					
GF0039	Bottle wash 28mm					
GF0040	Cylinder graduated tall form 100ml					
GF0041	Cylinder graduated tall form 1000ml					
GF0042	Beaker laboratory 200ml 					
GF0043	Tube vacutainer glass K3EDTA 4.5ml					
GF0044	Pipette serological 5ml sterile					
GF0045	Pipette serological 10ml sterile					
GF0046	Air flex wiping material					
GF0047	Goggles					
GF0002	Apron laboratory disposable					
GF0049	Apron laboratory sleeves					
GF0425	Pipettes Pasteur non+AC0-sterile 3.5ml/0.5 pipette transfer					
GF0426	Pipettes Pasteur sterile disposable 150mm x 50mm					
GF0427	Blood lancet	 sterile				
GF0053	Hematocrit tubes disposable 75mm x 0.2mm 					
GF0054	Bag plastic 18.5cm x 20cm with seal					
GF0055	Separators paper 6 x 6 inches translucent	 waxed				
GF0056	Towels	 paper				
